Iteration,Timestep,StratumIDSource,StateClassIDSource,StratumIDDest,StateClassIDDest,SecondaryStratumID,TertiaryStratumID,TransitionTypeID,Probability,Proportion,AgeMin,AgeMax,AgeRelative,AgeReset,TSTMin,TSTMax,TSTRelative
,,,Agriculture: Cropland,,Developed: High Intensity,,,Urbanization: High,1.0000,,,,,,,,
,,,Agriculture: Cropland,,Developed: Low Intensity,,,Urbanization: Low,1.0000,,,,,,,,
,,,Agriculture: Cropland,,Developed: Medium Intensity,,,Urbanization: Medium,1.0000,,,,,,,,
,,,Agriculture: Cropland,,Developed: Open Space,,,Urbanization: Open,1.0000,,,,,,,,
,,,Agriculture: Cropland,,Forest: Alder/Maple Group,,,Ag Contraction: Alder/Maple Group,1.0000,,,,,,,,
,,,Agriculture: Cropland,,Forest: Aspen/Birch Group,,,Ag Contraction: Aspen/Birch Group,1.0000,,,,,,,,
,,,Agriculture: Cropland,,Forest: California Mixed Conifer Group,,,Ag Contraction: California Mixed Conifer Group,1.0000,,,,,,,,
,,,Agriculture: Cropland,,Forest: Douglas-fir Coastal Group,,,Ag Contraction: Douglas-fir Coastal Group,1.0000,,,,,,,,
,,,Agriculture: Cropland,,Forest: Douglas-fir Inland Group,,,Ag Contraction: Douglas-fir Inland Group,1.0000,,,,,,,,
,,,Agriculture: Cropland,,Forest: Elm/Ash/Cottonwood Group,,,Ag Contraction: Elm/Ash/Cottonwood Group,1.0000,,,,,,,,
,,,Agriculture: Cropland,,Forest: Exotic Hardwoods Group,,,Ag Contraction: Exotic Hardwoods Group,1.0000,,,,,,,,
,,,Agriculture: Cropland,,Forest: Exotic Softwoods Group,,,Ag Contraction: Exotic Softwoods Group,1.0000,,,,,,,,
,,,Agriculture: Cropland,,Forest: Fir/Spruce/Mountain Hemlock Group,,,Ag Contraction: Fir/Spruce/Mountain Hemlock Group,1.0000,,,,,,,,
,,,Agriculture: Cropland,,Forest: Hemlock/Sitka Spruce Group,,,Ag Contraction: Hemlock/Sitka Spruce Group,1.0000,,,,,,,,
,,,Agriculture: Cropland,,Forest: Loblolly/Shortleaf Pine Group,,,Ag Contraction: Loblolly/Shortleaf Pine Group,1.0000,,,,,,,,
,,,Agriculture: Cropland,,Forest: Lodgepole Pine Group,,,Ag Contraction: Lodgepole Pine Group,1.0000,,,,,,,,
,,,Agriculture: Cropland,,Forest: Longleaf/Slash Pine Group,,,Ag Contraction: Longleaf/Slash Pine Group,1.0000,,,,,,,,
,,,Agriculture: Cropland,,Forest: Maple/Beech/Birch Group,,,Ag Contraction: Maple/Beech/Birch Group,1.0000,,,,,,,,
,,,Agriculture: Cropland,,Forest: Oak/Gum/Cypress Group,,,Ag Contraction: Oak/Gum/Cypress Group,1.0000,,,,,,,,
,,,Agriculture: Cropland,,Forest: Oak/Hickory Group,,,Ag Contraction: Oak/Hickory Group,1.0000,,,,,,,,
,,,Agriculture: Cropland,,Forest: Oak/Pine Group,,,Ag Contraction: Oak/Pine Group,1.0000,,,,,,,,
,,,Agriculture: Cropland,,Forest: Other Western Hardwoods Group,,,Ag Contraction: Other Western Hardwoods Group,1.0000,,,,,,,,
,,,Agriculture: Cropland,,Forest: Other Western Softwood Group,,,Ag Contraction: Other Western Softwood Group,1.0000,,,,,,,,
,,,Agriculture: Cropland,,Forest: Pinyon/Juniper Group,,,Ag Contraction: Pinyon/Juniper Group,1.0000,,,,,,,,
,,,Agriculture: Cropland,,Forest: Ponderosa Pine Group,,,Ag Contraction: Ponderosa Pine Group,1.0000,,,,,,,,
,,,Agriculture: Cropland,,Forest: Redwood Group,,,Ag Contraction: Redwood Group,1.0000,,,,,,,,
,,,Agriculture: Cropland,,Forest: Spruce/Fir Group,,,Ag Contraction: Spruce/Fir Group,1.0000,,,,,,,,
,,,Agriculture: Cropland,,Forest: Tanoak/Laurel Group,,,Ag Contraction: Tanoak/Laurel Group,1.0000,,,,,,,,
,,,Agriculture: Cropland,,Forest: Tropical Hardwoods Group,,,Ag Contraction: Tropical Hardwoods Group,1.0000,,,,,,,,
,,,Agriculture: Cropland,,Forest: Western Larch Group,,,Ag Contraction: Western Larch Group,1.0000,,,,,,,,
,,,Agriculture: Cropland,,Forest: Western Oak Group,,,Ag Contraction: Western Oak Group,1.0000,,,,,,,,
,,,Agriculture: Cropland,,Forest: Western White Pine Group,,,Ag Contraction: Western White Pine Group,1.0000,,,,,,,,
,,,Agriculture: Cropland,,Forest: White/Red/Jack Pine Group,,,Ag Contraction: White/Red/Jack Pine Group,1.0000,,,,,,,,
,,,Agriculture: Cropland,,Grassland: All,,,Ag Contraction: Grassland,1.0000,,,,,,,,
,,,Agriculture: Cropland,,Shrubland: All,,,Ag Contraction: Shrubland,1.0000,,,,,,,,
,,,Agriculture: Cropland,,Wetland: Herbaceous,,,Ag Contraction: Wetland Herbaceous,1.0000,,,,,,,,
,,,Agriculture: Cropland,,Wetland: Woody,,,Ag Contraction: Wetland Woody,1.0000,,,,,,,,
,,,Agriculture: Pasture,,Developed: High Intensity,,,Urbanization: High,1.0000,,,,,,,,
,,,Agriculture: Pasture,,Developed: Low Intensity,,,Urbanization: Low,1.0000,,,,,,,,
,,,Agriculture: Pasture,,Developed: Medium Intensity,,,Urbanization: Medium,1.0000,,,,,,,,
,,,Agriculture: Pasture,,Developed: Open Space,,,Urbanization: Open,1.0000,,,,,,,,
,,,Agriculture: Pasture,,Forest: Alder/Maple Group,,,Ag Contraction: Alder/Maple Group,1.0000,,,,,,,,
,,,Agriculture: Pasture,,Forest: Aspen/Birch Group,,,Ag Contraction: Aspen/Birch Group,1.0000,,,,,,,,
,,,Agriculture: Pasture,,Forest: California Mixed Conifer Group,,,Ag Contraction: California Mixed Conifer Group,1.0000,,,,,,,,
,,,Agriculture: Pasture,,Forest: Douglas-fir Coastal Group,,,Ag Contraction: Douglas-fir Coastal Group,1.0000,,,,,,,,
,,,Agriculture: Pasture,,Forest: Douglas-fir Inland Group,,,Ag Contraction: Douglas-fir Inland Group,1.0000,,,,,,,,
,,,Agriculture: Pasture,,Forest: Elm/Ash/Cottonwood Group,,,Ag Contraction: Elm/Ash/Cottonwood Group,1.0000,,,,,,,,
,,,Agriculture: Pasture,,Forest: Exotic Hardwoods Group,,,Ag Contraction: Exotic Hardwoods Group,1.0000,,,,,,,,
,,,Agriculture: Pasture,,Forest: Exotic Softwoods Group,,,Ag Contraction: Exotic Softwoods Group,1.0000,,,,,,,,
,,,Agriculture: Pasture,,Forest: Fir/Spruce/Mountain Hemlock Group,,,Ag Contraction: Fir/Spruce/Mountain Hemlock Group,1.0000,,,,,,,,
,,,Agriculture: Pasture,,Forest: Hemlock/Sitka Spruce Group,,,Ag Contraction: Hemlock/Sitka Spruce Group,1.0000,,,,,,,,
,,,Agriculture: Pasture,,Forest: Loblolly/Shortleaf Pine Group,,,Ag Contraction: Loblolly/Shortleaf Pine Group,1.0000,,,,,,,,
,,,Agriculture: Pasture,,Forest: Lodgepole Pine Group,,,Ag Contraction: Lodgepole Pine Group,1.0000,,,,,,,,
,,,Agriculture: Pasture,,Forest: Longleaf/Slash Pine Group,,,Ag Contraction: Longleaf/Slash Pine Group,1.0000,,,,,,,,
,,,Agriculture: Pasture,,Forest: Maple/Beech/Birch Group,,,Ag Contraction: Maple/Beech/Birch Group,1.0000,,,,,,,,
,,,Agriculture: Pasture,,Forest: Oak/Gum/Cypress Group,,,Ag Contraction: Oak/Gum/Cypress Group,1.0000,,,,,,,,
,,,Agriculture: Pasture,,Forest: Oak/Hickory Group,,,Ag Contraction: Oak/Hickory Group,1.0000,,,,,,,,
,,,Agriculture: Pasture,,Forest: Oak/Pine Group,,,Ag Contraction: Oak/Pine Group,1.0000,,,,,,,,
,,,Agriculture: Pasture,,Forest: Other Western Hardwoods Group,,,Ag Contraction: Other Western Hardwoods Group,1.0000,,,,,,,,
,,,Agriculture: Pasture,,Forest: Other Western Softwood Group,,,Ag Contraction: Other Western Softwood Group,1.0000,,,,,,,,
,,,Agriculture: Pasture,,Forest: Pinyon/Juniper Group,,,Ag Contraction: Pinyon/Juniper Group,1.0000,,,,,,,,
,,,Agriculture: Pasture,,Forest: Ponderosa Pine Group,,,Ag Contraction: Ponderosa Pine Group,1.0000,,,,,,,,
,,,Agriculture: Pasture,,Forest: Redwood Group,,,Ag Contraction: Redwood Group,1.0000,,,,,,,,
,,,Agriculture: Pasture,,Forest: Spruce/Fir Group,,,Ag Contraction: Spruce/Fir Group,1.0000,,,,,,,,
,,,Agriculture: Pasture,,Forest: Tanoak/Laurel Group,,,Ag Contraction: Tanoak/Laurel Group,1.0000,,,,,,,,
,,,Agriculture: Pasture,,Forest: Tropical Hardwoods Group,,,Ag Contraction: Tropical Hardwoods Group,1.0000,,,,,,,,
,,,Agriculture: Pasture,,Forest: Western Larch Group,,,Ag Contraction: Western Larch Group,1.0000,,,,,,,,
,,,Agriculture: Pasture,,Forest: Western Oak Group,,,Ag Contraction: Western Oak Group,1.0000,,,,,,,,
,,,Agriculture: Pasture,,Forest: Western White Pine Group,,,Ag Contraction: Western White Pine Group,1.0000,,,,,,,,
,,,Agriculture: Pasture,,Forest: White/Red/Jack Pine Group,,,Ag Contraction: White/Red/Jack Pine Group,1.0000,,,,,,,,
,,,Agriculture: Pasture,,Grassland: All,,,Ag Contraction: Grassland,1.0000,,,,,,,,
,,,Agriculture: Pasture,,Shrubland: All,,,Ag Contraction: Shrubland,1.0000,,,,,,,,
,,,Agriculture: Pasture,,Wetland: Herbaceous,,,Ag Contraction: Wetland Herbaceous,1.0000,,,,,,,,
,,,Agriculture: Pasture,,Wetland: Woody,,,Ag Contraction: Wetland Woody,1.0000,,,,,,,,
,,,Developed: Low Intensity,,Developed: High Intensity,,,Intensification: Low to High,1.0000,,,,,,,,
,,,Developed: Low Intensity,,Developed: Medium Intensity,,,Intensification: Low to Medium,1.0000,,,,,,,,
,,,Developed: Medium Intensity,,Developed: High Intensity,,,Intensification: Medium to High,1.0000,,,,,,,,
,,,Developed: Open Space,,Developed: High Intensity,,,Intensification: Open to High,1.0000,,,,,,,,
,,,Developed: Open Space,,Developed: Low Intensity,,,Intensification: Open to Low,1.0000,,,,,,,,
,,,Developed: Open Space,,Developed: Medium Intensity,,,Intensification: Open to Medium,1.0000,,,,,,,,
,,,Forest: Alder/Maple Group,,Agriculture: Cropland,,,Ag Expansion: Cropland,1.0000,,,,,,,,
,,,Forest: Alder/Maple Group,,Agriculture: Pasture,,,Ag Expansion: Pasture,1.0000,,,,,,,,
,,,Forest: Alder/Maple Group,,Developed: High Intensity,,,Urbanization: High,1.0000,,,,,,,,
,,,Forest: Alder/Maple Group,,Developed: Low Intensity,,,Urbanization: Low,1.0000,,,,,,,,
,,,Forest: Alder/Maple Group,,Developed: Medium Intensity,,,Urbanization: Medium,1.0000,,,,,,,,
,,,Forest: Alder/Maple Group,,Developed: Open Space,,,Urbanization: Open,1.0000,,,,,,,,
,,,Forest: Alder/Maple Group,,Forest: Alder/Maple Group,,,Fire: Low Severity,1.0000,,,,,No,,,
,,,Forest: Alder/Maple Group,,Forest: Alder/Maple Group,,,Fire: Medium Severity,1.0000,,,,,No,,,
,,,Forest: Alder/Maple Group,,Forest: Alder/Maple Group,,,Forest Harvest: Forest Clearcut,1.0000,,,,,,,,
,,,Forest: Alder/Maple Group,,Forest: Alder/Maple Group,,,Forest Harvest: Forest Selection,1.0000,,,,,No,,,
,,,Forest: Alder/Maple Group,,Forest: Alder/Maple Group,,,Forest Harvest: Forest Selection 20%,1.0000,,,,,No,,,
,,,Forest: Alder/Maple Group,,Forest: Alder/Maple Group,,,Forest Harvest: Forest Selection 85%,1.0000,,,,,,,,
,,,Forest: Alder/Maple Group,,Forest: Alder/Maple Group,,,Forest Harvest: Salvage Logging,1.0000,,,,,No,,5,
,,,Forest: Alder/Maple Group,,Forest: Alder/Maple Group,,,Insect: High Severity,1.0000,,,,,Yes,,,
,,,Forest: Alder/Maple Group,,Forest: Alder/Maple Group,,,Insect: Low Severity,1.0000,,,,,No,,,
,,,Forest: Alder/Maple Group,,Forest: Alder/Maple Group,,,Insect: Medium Severity,1.0000,,,,,No,,,
,,,Forest: Alder/Maple Group,,Shrubland: Post Fire Shrub,,,Fire: High Severity,1.0000,,,,,Yes,,,
,,,Forest: Aspen/Birch Group,,Agriculture: Cropland,,,Ag Expansion: Cropland,1.0000,,,,,,,,
,,,Forest: Aspen/Birch Group,,Agriculture: Pasture,,,Ag Expansion: Pasture,1.0000,,,,,,,,
,,,Forest: Aspen/Birch Group,,Developed: High Intensity,,,Urbanization: High,1.0000,,,,,,,,
,,,Forest: Aspen/Birch Group,,Developed: Low Intensity,,,Urbanization: Low,1.0000,,,,,,,,
,,,Forest: Aspen/Birch Group,,Developed: Medium Intensity,,,Urbanization: Medium,1.0000,,,,,,,,
,,,Forest: Aspen/Birch Group,,Developed: Open Space,,,Urbanization: Open,1.0000,,,,,,,,
,,,Forest: Aspen/Birch Group,,Forest: Aspen/Birch Group,,,Fire: Low Severity,1.0000,,,,,No,,,
,,,Forest: Aspen/Birch Group,,Forest: Aspen/Birch Group,,,Fire: Medium Severity,1.0000,,,,,No,,,
,,,Forest: Aspen/Birch Group,,Forest: Aspen/Birch Group,,,Forest Harvest: Forest Clearcut,1.0000,,,,,,,,
,,,Forest: Aspen/Birch Group,,Forest: Aspen/Birch Group,,,Forest Harvest: Forest Selection,1.0000,,,,,No,,,
,,,Forest: Aspen/Birch Group,,Forest: Aspen/Birch Group,,,Forest Harvest: Forest Selection 20%,1.0000,,,,,No,,,
,,,Forest: Aspen/Birch Group,,Forest: Aspen/Birch Group,,,Forest Harvest: Forest Selection 85%,1.0000,,,,,,,,
,,,Forest: Aspen/Birch Group,,Forest: Aspen/Birch Group,,,Forest Harvest: Salvage Logging,1.0000,,,,,No,,5,
,,,Forest: Aspen/Birch Group,,Forest: Aspen/Birch Group,,,Insect: High Severity,1.0000,,,,,Yes,,,
,,,Forest: Aspen/Birch Group,,Forest: Aspen/Birch Group,,,Insect: Low Severity,1.0000,,,,,No,,,
,,,Forest: Aspen/Birch Group,,Forest: Aspen/Birch Group,,,Insect: Medium Severity,1.0000,,,,,No,,,
,,,Forest: Aspen/Birch Group,,Shrubland: Post Fire Shrub,,,Fire: High Severity,1.0000,,,,,Yes,,,
,,,Forest: California Mixed Conifer Group,,Agriculture: Cropland,,,Ag Expansion: Cropland,1.0000,,,,,,,,
,,,Forest: California Mixed Conifer Group,,Agriculture: Pasture,,,Ag Expansion: Pasture,1.0000,,,,,,,,
,,,Forest: California Mixed Conifer Group,,Developed: High Intensity,,,Urbanization: High,1.0000,,,,,,,,
,,,Forest: California Mixed Conifer Group,,Developed: Low Intensity,,,Urbanization: Low,1.0000,,,,,,,,
,,,Forest: California Mixed Conifer Group,,Developed: Medium Intensity,,,Urbanization: Medium,1.0000,,,,,,,,
,,,Forest: California Mixed Conifer Group,,Developed: Open Space,,,Urbanization: Open,1.0000,,,,,,,,
,,,Forest: California Mixed Conifer Group,,Forest: California Mixed Conifer Group,,,Fire: Low Severity,1.0000,,,,,No,,,
,,,Forest: California Mixed Conifer Group,,Forest: California Mixed Conifer Group,,,Fire: Medium Severity,1.0000,,,,,No,,,
,,,Forest: California Mixed Conifer Group,,Forest: California Mixed Conifer Group,,,Forest Harvest: Forest Clearcut,1.0000,,,,,,,,
,,,Forest: California Mixed Conifer Group,,Forest: California Mixed Conifer Group,,,Forest Harvest: Forest Selection,1.0000,,,,,No,,,
,,,Forest: California Mixed Conifer Group,,Forest: California Mixed Conifer Group,,,Forest Harvest: Forest Selection 20%,1.0000,,,,,No,,,
,,,Forest: California Mixed Conifer Group,,Forest: California Mixed Conifer Group,,,Forest Harvest: Forest Selection 85%,1.0000,,,,,,,,
,,,Forest: California Mixed Conifer Group,,Forest: California Mixed Conifer Group,,,Forest Harvest: Salvage Logging,1.0000,,,,,No,,5,
,,,Forest: California Mixed Conifer Group,,Forest: California Mixed Conifer Group,,,Insect: High Severity,1.0000,,,,,Yes,,,
,,,Forest: California Mixed Conifer Group,,Forest: California Mixed Conifer Group,,,Insect: Low Severity,1.0000,,,,,No,,,
,,,Forest: California Mixed Conifer Group,,Forest: California Mixed Conifer Group,,,Insect: Medium Severity,1.0000,,,,,No,,,
,,,Forest: California Mixed Conifer Group,,Shrubland: Post Fire Shrub,,,Fire: High Severity,1.0000,,,,,Yes,,,
,,,Forest: Douglas-fir Coastal Group,,Agriculture: Cropland,,,Ag Expansion: Cropland,1.0000,,,,,,,,
,,,Forest: Douglas-fir Coastal Group,,Agriculture: Pasture,,,Ag Expansion: Pasture,1.0000,,,,,,,,
,,,Forest: Douglas-fir Coastal Group,,Developed: High Intensity,,,Urbanization: High,1.0000,,,,,,,,
,,,Forest: Douglas-fir Coastal Group,,Developed: Low Intensity,,,Urbanization: Low,1.0000,,,,,,,,
,,,Forest: Douglas-fir Coastal Group,,Developed: Medium Intensity,,,Urbanization: Medium,1.0000,,,,,,,,
,,,Forest: Douglas-fir Coastal Group,,Developed: Open Space,,,Urbanization: Open,1.0000,,,,,,,,
,,,Forest: Douglas-fir Coastal Group,,Forest: Douglas-fir Coastal Group,,,Fire: Low Severity,1.0000,,,,,No,,,
,,,Forest: Douglas-fir Coastal Group,,Forest: Douglas-fir Coastal Group,,,Fire: Medium Severity,1.0000,,,,,No,,,
,,,Forest: Douglas-fir Coastal Group,,Forest: Douglas-fir Coastal Group,,,Forest Harvest: Forest Clearcut,1.0000,,,,,,,,
,,,Forest: Douglas-fir Coastal Group,,Forest: Douglas-fir Coastal Group,,,Forest Harvest: Forest Selection,1.0000,,,,,No,,,
,,,Forest: Douglas-fir Coastal Group,,Forest: Douglas-fir Coastal Group,,,Forest Harvest: Forest Selection 20%,1.0000,,,,,No,,,
,,,Forest: Douglas-fir Coastal Group,,Forest: Douglas-fir Coastal Group,,,Forest Harvest: Forest Selection 85%,1.0000,,,,,,,,
,,,Forest: Douglas-fir Coastal Group,,Forest: Douglas-fir Coastal Group,,,Forest Harvest: Salvage Logging,1.0000,,,,,No,,5,
,,,Forest: Douglas-fir Coastal Group,,Forest: Douglas-fir Coastal Group,,,Insect: High Severity,1.0000,,,,,Yes,,,
,,,Forest: Douglas-fir Coastal Group,,Forest: Douglas-fir Coastal Group,,,Insect: Low Severity,1.0000,,,,,No,,,
,,,Forest: Douglas-fir Coastal Group,,Forest: Douglas-fir Coastal Group,,,Insect: Medium Severity,1.0000,,,,,No,,,
,,,Forest: Douglas-fir Coastal Group,,Shrubland: Post Fire Shrub,,,Fire: High Severity,1.0000,,,,,Yes,,,
,,,Forest: Douglas-fir Inland Group,,Agriculture: Cropland,,,Ag Expansion: Cropland,1.0000,,,,,,,,
,,,Forest: Douglas-fir Inland Group,,Agriculture: Pasture,,,Ag Expansion: Pasture,1.0000,,,,,,,,
,,,Forest: Douglas-fir Inland Group,,Developed: High Intensity,,,Urbanization: High,1.0000,,,,,,,,
,,,Forest: Douglas-fir Inland Group,,Developed: Low Intensity,,,Urbanization: Low,1.0000,,,,,,,,
,,,Forest: Douglas-fir Inland Group,,Developed: Medium Intensity,,,Urbanization: Medium,1.0000,,,,,,,,
,,,Forest: Douglas-fir Inland Group,,Developed: Open Space,,,Urbanization: Open,1.0000,,,,,,,,
,,,Forest: Douglas-fir Inland Group,,Forest: Douglas-fir Inland Group,,,Fire: Low Severity,1.0000,,,,,No,,,
,,,Forest: Douglas-fir Inland Group,,Forest: Douglas-fir Inland Group,,,Fire: Medium Severity,1.0000,,,,,No,,,
,,,Forest: Douglas-fir Inland Group,,Forest: Douglas-fir Inland Group,,,Forest Harvest: Forest Clearcut,1.0000,,,,,,,,
,,,Forest: Douglas-fir Inland Group,,Forest: Douglas-fir Inland Group,,,Forest Harvest: Forest Selection,1.0000,,,,,No,,,
,,,Forest: Douglas-fir Inland Group,,Forest: Douglas-fir Inland Group,,,Forest Harvest: Forest Selection 20%,1.0000,,,,,No,,,
,,,Forest: Douglas-fir Inland Group,,Forest: Douglas-fir Inland Group,,,Forest Harvest: Forest Selection 85%,1.0000,,,,,,,,
,,,Forest: Douglas-fir Inland Group,,Forest: Douglas-fir Inland Group,,,Forest Harvest: Salvage Logging,1.0000,,,,,No,,5,
,,,Forest: Douglas-fir Inland Group,,Forest: Douglas-fir Inland Group,,,Insect: High Severity,1.0000,,,,,Yes,,,
,,,Forest: Douglas-fir Inland Group,,Forest: Douglas-fir Inland Group,,,Insect: Low Severity,1.0000,,,,,No,,,
,,,Forest: Douglas-fir Inland Group,,Forest: Douglas-fir Inland Group,,,Insect: Medium Severity,1.0000,,,,,No,,,
,,,Forest: Douglas-fir Inland Group,,Shrubland: Post Fire Shrub,,,Fire: High Severity,1.0000,,,,,Yes,,,
,,,Forest: Elm/Ash/Cottonwood Group,,Agriculture: Cropland,,,Ag Expansion: Cropland,1.0000,,,,,,,,
,,,Forest: Elm/Ash/Cottonwood Group,,Agriculture: Pasture,,,Ag Expansion: Pasture,1.0000,,,,,,,,
,,,Forest: Elm/Ash/Cottonwood Group,,Developed: High Intensity,,,Urbanization: High,1.0000,,,,,,,,
,,,Forest: Elm/Ash/Cottonwood Group,,Developed: Low Intensity,,,Urbanization: Low,1.0000,,,,,,,,
,,,Forest: Elm/Ash/Cottonwood Group,,Developed: Medium Intensity,,,Urbanization: Medium,1.0000,,,,,,,,
,,,Forest: Elm/Ash/Cottonwood Group,,Developed: Open Space,,,Urbanization: Open,1.0000,,,,,,,,
,,,Forest: Elm/Ash/Cottonwood Group,,Forest: Elm/Ash/Cottonwood Group,,,Fire: Low Severity,1.0000,,,,,No,,,
,,,Forest: Elm/Ash/Cottonwood Group,,Forest: Elm/Ash/Cottonwood Group,,,Fire: Medium Severity,1.0000,,,,,No,,,
,,,Forest: Elm/Ash/Cottonwood Group,,Forest: Elm/Ash/Cottonwood Group,,,Forest Harvest: Forest Clearcut,1.0000,,,,,,,,
,,,Forest: Elm/Ash/Cottonwood Group,,Forest: Elm/Ash/Cottonwood Group,,,Forest Harvest: Forest Selection,1.0000,,,,,No,,,
,,,Forest: Elm/Ash/Cottonwood Group,,Forest: Elm/Ash/Cottonwood Group,,,Forest Harvest: Forest Selection 20%,1.0000,,,,,No,,,
,,,Forest: Elm/Ash/Cottonwood Group,,Forest: Elm/Ash/Cottonwood Group,,,Forest Harvest: Forest Selection 85%,1.0000,,,,,,,,
,,,Forest: Elm/Ash/Cottonwood Group,,Forest: Elm/Ash/Cottonwood Group,,,Forest Harvest: Salvage Logging,1.0000,,,,,No,,5,
,,,Forest: Elm/Ash/Cottonwood Group,,Forest: Elm/Ash/Cottonwood Group,,,Insect: High Severity,1.0000,,,,,Yes,,,
,,,Forest: Elm/Ash/Cottonwood Group,,Forest: Elm/Ash/Cottonwood Group,,,Insect: Low Severity,1.0000,,,,,No,,,
,,,Forest: Elm/Ash/Cottonwood Group,,Forest: Elm/Ash/Cottonwood Group,,,Insect: Medium Severity,1.0000,,,,,No,,,
,,,Forest: Elm/Ash/Cottonwood Group,,Shrubland: Post Fire Shrub,,,Fire: High Severity,1.0000,,,,,Yes,,,
,,,Forest: Exotic Hardwoods Group,,Agriculture: Cropland,,,Ag Expansion: Cropland,1.0000,,,,,,,,
,,,Forest: Exotic Hardwoods Group,,Agriculture: Pasture,,,Ag Expansion: Pasture,1.0000,,,,,,,,
,,,Forest: Exotic Hardwoods Group,,Developed: High Intensity,,,Urbanization: High,1.0000,,,,,,,,
,,,Forest: Exotic Hardwoods Group,,Developed: Low Intensity,,,Urbanization: Low,1.0000,,,,,,,,
,,,Forest: Exotic Hardwoods Group,,Developed: Medium Intensity,,,Urbanization: Medium,1.0000,,,,,,,,
,,,Forest: Exotic Hardwoods Group,,Developed: Open Space,,,Urbanization: Open,1.0000,,,,,,,,
,,,Forest: Exotic Hardwoods Group,,Forest: Exotic Hardwoods Group,,,Fire: Low Severity,1.0000,,,,,No,,,
,,,Forest: Exotic Hardwoods Group,,Forest: Exotic Hardwoods Group,,,Fire: Medium Severity,1.0000,,,,,No,,,
,,,Forest: Exotic Hardwoods Group,,Forest: Exotic Hardwoods Group,,,Forest Harvest: Forest Clearcut,1.0000,,,,,,,,
,,,Forest: Exotic Hardwoods Group,,Forest: Exotic Hardwoods Group,,,Forest Harvest: Forest Selection,1.0000,,,,,No,,,
,,,Forest: Exotic Hardwoods Group,,Forest: Exotic Hardwoods Group,,,Forest Harvest: Forest Selection 20%,1.0000,,,,,No,,,
,,,Forest: Exotic Hardwoods Group,,Forest: Exotic Hardwoods Group,,,Forest Harvest: Forest Selection 85%,1.0000,,,,,,,,
,,,Forest: Exotic Hardwoods Group,,Forest: Exotic Hardwoods Group,,,Forest Harvest: Salvage Logging,1.0000,,,,,No,,5,
,,,Forest: Exotic Hardwoods Group,,Forest: Exotic Hardwoods Group,,,Insect: High Severity,1.0000,,,,,Yes,,,
,,,Forest: Exotic Hardwoods Group,,Forest: Exotic Hardwoods Group,,,Insect: Low Severity,1.0000,,,,,No,,,
,,,Forest: Exotic Hardwoods Group,,Forest: Exotic Hardwoods Group,,,Insect: Medium Severity,1.0000,,,,,No,,,
,,,Forest: Exotic Hardwoods Group,,Shrubland: Post Fire Shrub,,,Fire: High Severity,1.0000,,,,,Yes,,,
,,,Forest: Exotic Softwoods Group,,Agriculture: Cropland,,,Ag Expansion: Cropland,1.0000,,,,,,,,
,,,Forest: Exotic Softwoods Group,,Agriculture: Pasture,,,Ag Expansion: Pasture,1.0000,,,,,,,,
,,,Forest: Exotic Softwoods Group,,Developed: High Intensity,,,Urbanization: High,1.0000,,,,,,,,
,,,Forest: Exotic Softwoods Group,,Developed: Low Intensity,,,Urbanization: Low,1.0000,,,,,,,,
,,,Forest: Exotic Softwoods Group,,Developed: Medium Intensity,,,Urbanization: Medium,1.0000,,,,,,,,
,,,Forest: Exotic Softwoods Group,,Developed: Open Space,,,Urbanization: Open,1.0000,,,,,,,,
,,,Forest: Exotic Softwoods Group,,Forest: Exotic Softwoods Group,,,Fire: Low Severity,1.0000,,,,,No,,,
,,,Forest: Exotic Softwoods Group,,Forest: Exotic Softwoods Group,,,Fire: Medium Severity,1.0000,,,,,No,,,
,,,Forest: Exotic Softwoods Group,,Forest: Exotic Softwoods Group,,,Forest Harvest: Forest Clearcut,1.0000,,,,,,,,
,,,Forest: Exotic Softwoods Group,,Forest: Exotic Softwoods Group,,,Forest Harvest: Forest Selection,1.0000,,,,,No,,,
,,,Forest: Exotic Softwoods Group,,Forest: Exotic Softwoods Group,,,Forest Harvest: Forest Selection 20%,1.0000,,,,,No,,,
,,,Forest: Exotic Softwoods Group,,Forest: Exotic Softwoods Group,,,Forest Harvest: Forest Selection 85%,1.0000,,,,,,,,
,,,Forest: Exotic Softwoods Group,,Forest: Exotic Softwoods Group,,,Forest Harvest: Salvage Logging,1.0000,,,,,No,,5,
,,,Forest: Exotic Softwoods Group,,Forest: Exotic Softwoods Group,,,Insect: High Severity,1.0000,,,,,Yes,,,
,,,Forest: Exotic Softwoods Group,,Forest: Exotic Softwoods Group,,,Insect: Low Severity,1.0000,,,,,No,,,
,,,Forest: Exotic Softwoods Group,,Forest: Exotic Softwoods Group,,,Insect: Medium Severity,1.0000,,,,,No,,,
,,,Forest: Exotic Softwoods Group,,Shrubland: Post Fire Shrub,,,Fire: High Severity,1.0000,,,,,Yes,,,
,,,Forest: Fir/Spruce/Mountain Hemlock Group,,Agriculture: Cropland,,,Ag Expansion: Cropland,1.0000,,,,,,,,
,,,Forest: Fir/Spruce/Mountain Hemlock Group,,Agriculture: Pasture,,,Ag Expansion: Pasture,1.0000,,,,,,,,
,,,Forest: Fir/Spruce/Mountain Hemlock Group,,Developed: High Intensity,,,Urbanization: High,1.0000,,,,,,,,
,,,Forest: Fir/Spruce/Mountain Hemlock Group,,Developed: Low Intensity,,,Urbanization: Low,1.0000,,,,,,,,
,,,Forest: Fir/Spruce/Mountain Hemlock Group,,Developed: Medium Intensity,,,Urbanization: Medium,1.0000,,,,,,,,
,,,Forest: Fir/Spruce/Mountain Hemlock Group,,Developed: Open Space,,,Urbanization: Open,1.0000,,,,,,,,
,,,Forest: Fir/Spruce/Mountain Hemlock Group,,Forest: Fir/Spruce/Mountain Hemlock Group,,,Fire: Low Severity,1.0000,,,,,No,,,
,,,Forest: Fir/Spruce/Mountain Hemlock Group,,Forest: Fir/Spruce/Mountain Hemlock Group,,,Fire: Medium Severity,1.0000,,,,,No,,,
,,,Forest: Fir/Spruce/Mountain Hemlock Group,,Forest: Fir/Spruce/Mountain Hemlock Group,,,Forest Harvest: Forest Clearcut,1.0000,,,,,,,,
,,,Forest: Fir/Spruce/Mountain Hemlock Group,,Forest: Fir/Spruce/Mountain Hemlock Group,,,Forest Harvest: Forest Selection,1.0000,,,,,No,,,
,,,Forest: Fir/Spruce/Mountain Hemlock Group,,Forest: Fir/Spruce/Mountain Hemlock Group,,,Forest Harvest: Forest Selection 20%,1.0000,,,,,No,,,
,,,Forest: Fir/Spruce/Mountain Hemlock Group,,Forest: Fir/Spruce/Mountain Hemlock Group,,,Forest Harvest: Forest Selection 85%,1.0000,,,,,,,,
,,,Forest: Fir/Spruce/Mountain Hemlock Group,,Forest: Fir/Spruce/Mountain Hemlock Group,,,Forest Harvest: Salvage Logging,1.0000,,,,,No,,5,
,,,Forest: Fir/Spruce/Mountain Hemlock Group,,Forest: Fir/Spruce/Mountain Hemlock Group,,,Insect: High Severity,1.0000,,,,,Yes,,,
,,,Forest: Fir/Spruce/Mountain Hemlock Group,,Forest: Fir/Spruce/Mountain Hemlock Group,,,Insect: Low Severity,1.0000,,,,,No,,,
,,,Forest: Fir/Spruce/Mountain Hemlock Group,,Forest: Fir/Spruce/Mountain Hemlock Group,,,Insect: Medium Severity,1.0000,,,,,No,,,
,,,Forest: Fir/Spruce/Mountain Hemlock Group,,Shrubland: Post Fire Shrub,,,Fire: High Severity,1.0000,,,,,Yes,,,
,,,Forest: Hemlock/Sitka Spruce Group,,Agriculture: Cropland,,,Ag Expansion: Cropland,1.0000,,,,,,,,
,,,Forest: Hemlock/Sitka Spruce Group,,Agriculture: Pasture,,,Ag Expansion: Pasture,1.0000,,,,,,,,
,,,Forest: Hemlock/Sitka Spruce Group,,Developed: High Intensity,,,Urbanization: High,1.0000,,,,,,,,
,,,Forest: Hemlock/Sitka Spruce Group,,Developed: Low Intensity,,,Urbanization: Low,1.0000,,,,,,,,
,,,Forest: Hemlock/Sitka Spruce Group,,Developed: Medium Intensity,,,Urbanization: Medium,1.0000,,,,,,,,
,,,Forest: Hemlock/Sitka Spruce Group,,Developed: Open Space,,,Urbanization: Open,1.0000,,,,,,,,
,,,Forest: Hemlock/Sitka Spruce Group,,Forest: Hemlock/Sitka Spruce Group,,,Fire: Low Severity,1.0000,,,,,No,,,
,,,Forest: Hemlock/Sitka Spruce Group,,Forest: Hemlock/Sitka Spruce Group,,,Fire: Medium Severity,1.0000,,,,,No,,,
,,,Forest: Hemlock/Sitka Spruce Group,,Forest: Hemlock/Sitka Spruce Group,,,Forest Harvest: Forest Clearcut,1.0000,,,,,,,,
,,,Forest: Hemlock/Sitka Spruce Group,,Forest: Hemlock/Sitka Spruce Group,,,Forest Harvest: Forest Selection,1.0000,,,,,No,,,
,,,Forest: Hemlock/Sitka Spruce Group,,Forest: Hemlock/Sitka Spruce Group,,,Forest Harvest: Forest Selection 20%,1.0000,,,,,No,,,
,,,Forest: Hemlock/Sitka Spruce Group,,Forest: Hemlock/Sitka Spruce Group,,,Forest Harvest: Forest Selection 85%,1.0000,,,,,,,,
,,,Forest: Hemlock/Sitka Spruce Group,,Forest: Hemlock/Sitka Spruce Group,,,Forest Harvest: Salvage Logging,1.0000,,,,,No,,5,
,,,Forest: Hemlock/Sitka Spruce Group,,Forest: Hemlock/Sitka Spruce Group,,,Insect: High Severity,1.0000,,,,,Yes,,,
,,,Forest: Hemlock/Sitka Spruce Group,,Forest: Hemlock/Sitka Spruce Group,,,Insect: Low Severity,1.0000,,,,,No,,,
,,,Forest: Hemlock/Sitka Spruce Group,,Forest: Hemlock/Sitka Spruce Group,,,Insect: Medium Severity,1.0000,,,,,No,,,
,,,Forest: Hemlock/Sitka Spruce Group,,Shrubland: Post Fire Shrub,,,Fire: High Severity,1.0000,,,,,Yes,,,
,,,Forest: Loblolly/Shortleaf Pine Group,,Agriculture: Cropland,,,Ag Expansion: Cropland,1.0000,,,,,,,,
,,,Forest: Loblolly/Shortleaf Pine Group,,Agriculture: Pasture,,,Ag Expansion: Pasture,1.0000,,,,,,,,
,,,Forest: Loblolly/Shortleaf Pine Group,,Developed: High Intensity,,,Urbanization: High,1.0000,,,,,,,,
,,,Forest: Loblolly/Shortleaf Pine Group,,Developed: Low Intensity,,,Urbanization: Low,1.0000,,,,,,,,
,,,Forest: Loblolly/Shortleaf Pine Group,,Developed: Medium Intensity,,,Urbanization: Medium,1.0000,,,,,,,,
,,,Forest: Loblolly/Shortleaf Pine Group,,Developed: Open Space,,,Urbanization: Open,1.0000,,,,,,,,
,,,Forest: Loblolly/Shortleaf Pine Group,,Forest: Loblolly/Shortleaf Pine Group,,,Fire: Low Severity,1.0000,,,,,No,,,
,,,Forest: Loblolly/Shortleaf Pine Group,,Forest: Loblolly/Shortleaf Pine Group,,,Fire: Medium Severity,1.0000,,,,,No,,,
,,,Forest: Loblolly/Shortleaf Pine Group,,Forest: Loblolly/Shortleaf Pine Group,,,Forest Harvest: Forest Clearcut,1.0000,,,,,,,,
,,,Forest: Loblolly/Shortleaf Pine Group,,Forest: Loblolly/Shortleaf Pine Group,,,Forest Harvest: Forest Selection,1.0000,,,,,No,,,
,,,Forest: Loblolly/Shortleaf Pine Group,,Forest: Loblolly/Shortleaf Pine Group,,,Forest Harvest: Forest Selection 20%,1.0000,,,,,No,,,
,,,Forest: Loblolly/Shortleaf Pine Group,,Forest: Loblolly/Shortleaf Pine Group,,,Forest Harvest: Forest Selection 85%,1.0000,,,,,,,,
,,,Forest: Loblolly/Shortleaf Pine Group,,Forest: Loblolly/Shortleaf Pine Group,,,Forest Harvest: Salvage Logging,1.0000,,,,,No,,5,
,,,Forest: Loblolly/Shortleaf Pine Group,,Forest: Loblolly/Shortleaf Pine Group,,,Insect: High Severity,1.0000,,,,,Yes,,,
,,,Forest: Loblolly/Shortleaf Pine Group,,Forest: Loblolly/Shortleaf Pine Group,,,Insect: Low Severity,1.0000,,,,,No,,,
,,,Forest: Loblolly/Shortleaf Pine Group,,Forest: Loblolly/Shortleaf Pine Group,,,Insect: Medium Severity,1.0000,,,,,No,,,
,,,Forest: Loblolly/Shortleaf Pine Group,,Shrubland: Post Fire Shrub,,,Fire: High Severity,1.0000,,,,,Yes,,,
,,,Forest: Lodgepole Pine Group,,Agriculture: Cropland,,,Ag Expansion: Cropland,1.0000,,,,,,,,
,,,Forest: Lodgepole Pine Group,,Agriculture: Pasture,,,Ag Expansion: Pasture,1.0000,,,,,,,,
,,,Forest: Lodgepole Pine Group,,Developed: High Intensity,,,Urbanization: High,1.0000,,,,,,,,
,,,Forest: Lodgepole Pine Group,,Developed: Low Intensity,,,Urbanization: Low,1.0000,,,,,,,,
,,,Forest: Lodgepole Pine Group,,Developed: Medium Intensity,,,Urbanization: Medium,1.0000,,,,,,,,
,,,Forest: Lodgepole Pine Group,,Developed: Open Space,,,Urbanization: Open,1.0000,,,,,,,,
,,,Forest: Lodgepole Pine Group,,Forest: Lodgepole Pine Group,,,Fire: Low Severity,1.0000,,,,,No,,,
,,,Forest: Lodgepole Pine Group,,Forest: Lodgepole Pine Group,,,Fire: Medium Severity,1.0000,,,,,No,,,
,,,Forest: Lodgepole Pine Group,,Forest: Lodgepole Pine Group,,,Forest Harvest: Forest Clearcut,1.0000,,,,,,,,
,,,Forest: Lodgepole Pine Group,,Forest: Lodgepole Pine Group,,,Forest Harvest: Forest Selection,1.0000,,,,,No,,,
,,,Forest: Lodgepole Pine Group,,Forest: Lodgepole Pine Group,,,Forest Harvest: Forest Selection 20%,1.0000,,,,,No,,,
,,,Forest: Lodgepole Pine Group,,Forest: Lodgepole Pine Group,,,Forest Harvest: Forest Selection 85%,1.0000,,,,,,,,
,,,Forest: Lodgepole Pine Group,,Forest: Lodgepole Pine Group,,,Forest Harvest: Salvage Logging,1.0000,,,,,No,,5,
,,,Forest: Lodgepole Pine Group,,Forest: Lodgepole Pine Group,,,Insect: High Severity,1.0000,,,,,Yes,,,
,,,Forest: Lodgepole Pine Group,,Forest: Lodgepole Pine Group,,,Insect: Low Severity,1.0000,,,,,No,,,
,,,Forest: Lodgepole Pine Group,,Forest: Lodgepole Pine Group,,,Insect: Medium Severity,1.0000,,,,,No,,,
,,,Forest: Lodgepole Pine Group,,Shrubland: Post Fire Shrub,,,Fire: High Severity,1.0000,,,,,Yes,,,
,,,Forest: Longleaf/Slash Pine Group,,Agriculture: Cropland,,,Ag Expansion: Cropland,1.0000,,,,,,,,
,,,Forest: Longleaf/Slash Pine Group,,Agriculture: Pasture,,,Ag Expansion: Pasture,1.0000,,,,,,,,
,,,Forest: Longleaf/Slash Pine Group,,Developed: High Intensity,,,Urbanization: High,1.0000,,,,,,,,
,,,Forest: Longleaf/Slash Pine Group,,Developed: Low Intensity,,,Urbanization: Low,1.0000,,,,,,,,
,,,Forest: Longleaf/Slash Pine Group,,Developed: Medium Intensity,,,Urbanization: Medium,1.0000,,,,,,,,
,,,Forest: Longleaf/Slash Pine Group,,Developed: Open Space,,,Urbanization: Open,1.0000,,,,,,,,
,,,Forest: Longleaf/Slash Pine Group,,Forest: Longleaf/Slash Pine Group,,,Fire: Low Severity,1.0000,,,,,No,,,
,,,Forest: Longleaf/Slash Pine Group,,Forest: Longleaf/Slash Pine Group,,,Fire: Medium Severity,1.0000,,,,,No,,,
,,,Forest: Longleaf/Slash Pine Group,,Forest: Longleaf/Slash Pine Group,,,Forest Harvest: Forest Clearcut,1.0000,,,,,,,,
,,,Forest: Longleaf/Slash Pine Group,,Forest: Longleaf/Slash Pine Group,,,Forest Harvest: Forest Selection,1.0000,,,,,No,,,
,,,Forest: Longleaf/Slash Pine Group,,Forest: Longleaf/Slash Pine Group,,,Forest Harvest: Forest Selection 20%,1.0000,,,,,No,,,
,,,Forest: Longleaf/Slash Pine Group,,Forest: Longleaf/Slash Pine Group,,,Forest Harvest: Forest Selection 85%,1.0000,,,,,,,,
,,,Forest: Longleaf/Slash Pine Group,,Forest: Longleaf/Slash Pine Group,,,Forest Harvest: Salvage Logging,1.0000,,,,,No,,5,
,,,Forest: Longleaf/Slash Pine Group,,Forest: Longleaf/Slash Pine Group,,,Insect: High Severity,1.0000,,,,,Yes,,,
,,,Forest: Longleaf/Slash Pine Group,,Forest: Longleaf/Slash Pine Group,,,Insect: Low Severity,1.0000,,,,,No,,,
,,,Forest: Longleaf/Slash Pine Group,,Forest: Longleaf/Slash Pine Group,,,Insect: Medium Severity,1.0000,,,,,No,,,
,,,Forest: Longleaf/Slash Pine Group,,Shrubland: Post Fire Shrub,,,Fire: High Severity,1.0000,,,,,Yes,,,
,,,Forest: Maple/Beech/Birch Group,,Agriculture: Cropland,,,Ag Expansion: Cropland,1.0000,,,,,,,,
,,,Forest: Maple/Beech/Birch Group,,Agriculture: Pasture,,,Ag Expansion: Pasture,1.0000,,,,,,,,
,,,Forest: Maple/Beech/Birch Group,,Developed: High Intensity,,,Urbanization: High,1.0000,,,,,,,,
,,,Forest: Maple/Beech/Birch Group,,Developed: Low Intensity,,,Urbanization: Low,1.0000,,,,,,,,
,,,Forest: Maple/Beech/Birch Group,,Developed: Medium Intensity,,,Urbanization: Medium,1.0000,,,,,,,,
,,,Forest: Maple/Beech/Birch Group,,Developed: Open Space,,,Urbanization: Open,1.0000,,,,,,,,
,,,Forest: Maple/Beech/Birch Group,,Forest: Maple/Beech/Birch Group,,,Fire: Low Severity,1.0000,,,,,No,,,
,,,Forest: Maple/Beech/Birch Group,,Forest: Maple/Beech/Birch Group,,,Fire: Medium Severity,1.0000,,,,,No,,,
,,,Forest: Maple/Beech/Birch Group,,Forest: Maple/Beech/Birch Group,,,Forest Harvest: Forest Clearcut,1.0000,,,,,,,,
,,,Forest: Maple/Beech/Birch Group,,Forest: Maple/Beech/Birch Group,,,Forest Harvest: Forest Selection,1.0000,,,,,No,,,
,,,Forest: Maple/Beech/Birch Group,,Forest: Maple/Beech/Birch Group,,,Forest Harvest: Forest Selection 20%,1.0000,,,,,No,,,
,,,Forest: Maple/Beech/Birch Group,,Forest: Maple/Beech/Birch Group,,,Forest Harvest: Forest Selection 85%,1.0000,,,,,,,,
,,,Forest: Maple/Beech/Birch Group,,Forest: Maple/Beech/Birch Group,,,Forest Harvest: Salvage Logging,1.0000,,,,,No,,5,
,,,Forest: Maple/Beech/Birch Group,,Forest: Maple/Beech/Birch Group,,,Insect: High Severity,1.0000,,,,,Yes,,,
,,,Forest: Maple/Beech/Birch Group,,Forest: Maple/Beech/Birch Group,,,Insect: Low Severity,1.0000,,,,,No,,,
,,,Forest: Maple/Beech/Birch Group,,Forest: Maple/Beech/Birch Group,,,Insect: Medium Severity,1.0000,,,,,No,,,
,,,Forest: Maple/Beech/Birch Group,,Shrubland: Post Fire Shrub,,,Fire: High Severity,1.0000,,,,,Yes,,,
,,,Forest: Oak/Gum/Cypress Group,,Agriculture: Cropland,,,Ag Expansion: Cropland,1.0000,,,,,,,,
,,,Forest: Oak/Gum/Cypress Group,,Agriculture: Pasture,,,Ag Expansion: Pasture,1.0000,,,,,,,,
,,,Forest: Oak/Gum/Cypress Group,,Developed: High Intensity,,,Urbanization: High,1.0000,,,,,,,,
,,,Forest: Oak/Gum/Cypress Group,,Developed: Low Intensity,,,Urbanization: Low,1.0000,,,,,,,,
,,,Forest: Oak/Gum/Cypress Group,,Developed: Medium Intensity,,,Urbanization: Medium,1.0000,,,,,,,,
,,,Forest: Oak/Gum/Cypress Group,,Developed: Open Space,,,Urbanization: Open,1.0000,,,,,,,,
,,,Forest: Oak/Gum/Cypress Group,,Forest: Oak/Gum/Cypress Group,,,Fire: Low Severity,1.0000,,,,,No,,,
,,,Forest: Oak/Gum/Cypress Group,,Forest: Oak/Gum/Cypress Group,,,Fire: Medium Severity,1.0000,,,,,No,,,
,,,Forest: Oak/Gum/Cypress Group,,Forest: Oak/Gum/Cypress Group,,,Forest Harvest: Forest Clearcut,1.0000,,,,,,,,
,,,Forest: Oak/Gum/Cypress Group,,Forest: Oak/Gum/Cypress Group,,,Forest Harvest: Forest Selection,1.0000,,,,,No,,,
,,,Forest: Oak/Gum/Cypress Group,,Forest: Oak/Gum/Cypress Group,,,Forest Harvest: Forest Selection 20%,1.0000,,,,,No,,,
,,,Forest: Oak/Gum/Cypress Group,,Forest: Oak/Gum/Cypress Group,,,Forest Harvest: Forest Selection 85%,1.0000,,,,,,,,
,,,Forest: Oak/Gum/Cypress Group,,Forest: Oak/Gum/Cypress Group,,,Forest Harvest: Salvage Logging,1.0000,,,,,No,,5,
,,,Forest: Oak/Gum/Cypress Group,,Forest: Oak/Gum/Cypress Group,,,Insect: High Severity,1.0000,,,,,Yes,,,
,,,Forest: Oak/Gum/Cypress Group,,Forest: Oak/Gum/Cypress Group,,,Insect: Low Severity,1.0000,,,,,No,,,
,,,Forest: Oak/Gum/Cypress Group,,Forest: Oak/Gum/Cypress Group,,,Insect: Medium Severity,1.0000,,,,,No,,,
,,,Forest: Oak/Gum/Cypress Group,,Shrubland: Post Fire Shrub,,,Fire: High Severity,1.0000,,,,,Yes,,,
,,,Forest: Oak/Hickory Group,,Agriculture: Cropland,,,Ag Expansion: Cropland,1.0000,,,,,,,,
,,,Forest: Oak/Hickory Group,,Agriculture: Pasture,,,Ag Expansion: Pasture,1.0000,,,,,,,,
,,,Forest: Oak/Hickory Group,,Developed: High Intensity,,,Urbanization: High,1.0000,,,,,,,,
,,,Forest: Oak/Hickory Group,,Developed: Low Intensity,,,Urbanization: Low,1.0000,,,,,,,,
,,,Forest: Oak/Hickory Group,,Developed: Medium Intensity,,,Urbanization: Medium,1.0000,,,,,,,,
,,,Forest: Oak/Hickory Group,,Developed: Open Space,,,Urbanization: Open,1.0000,,,,,,,,
,,,Forest: Oak/Hickory Group,,Forest: Oak/Hickory Group,,,Fire: Low Severity,1.0000,,,,,No,,,
,,,Forest: Oak/Hickory Group,,Forest: Oak/Hickory Group,,,Fire: Medium Severity,1.0000,,,,,No,,,
,,,Forest: Oak/Hickory Group,,Forest: Oak/Hickory Group,,,Forest Harvest: Forest Clearcut,1.0000,,,,,,,,
,,,Forest: Oak/Hickory Group,,Forest: Oak/Hickory Group,,,Forest Harvest: Forest Selection,1.0000,,,,,No,,,
,,,Forest: Oak/Hickory Group,,Forest: Oak/Hickory Group,,,Forest Harvest: Forest Selection 20%,1.0000,,,,,No,,,
,,,Forest: Oak/Hickory Group,,Forest: Oak/Hickory Group,,,Forest Harvest: Forest Selection 85%,1.0000,,,,,,,,
,,,Forest: Oak/Hickory Group,,Forest: Oak/Hickory Group,,,Forest Harvest: Salvage Logging,1.0000,,,,,No,,5,
,,,Forest: Oak/Hickory Group,,Forest: Oak/Hickory Group,,,Insect: High Severity,1.0000,,,,,Yes,,,
,,,Forest: Oak/Hickory Group,,Forest: Oak/Hickory Group,,,Insect: Low Severity,1.0000,,,,,No,,,
,,,Forest: Oak/Hickory Group,,Forest: Oak/Hickory Group,,,Insect: Medium Severity,1.0000,,,,,No,,,
,,,Forest: Oak/Hickory Group,,Shrubland: Post Fire Shrub,,,Fire: High Severity,1.0000,,,,,Yes,,,
,,,Forest: Oak/Pine Group,,Agriculture: Cropland,,,Ag Expansion: Cropland,1.0000,,,,,,,,
,,,Forest: Oak/Pine Group,,Agriculture: Pasture,,,Ag Expansion: Pasture,1.0000,,,,,,,,
,,,Forest: Oak/Pine Group,,Developed: High Intensity,,,Urbanization: High,1.0000,,,,,,,,
,,,Forest: Oak/Pine Group,,Developed: Low Intensity,,,Urbanization: Low,1.0000,,,,,,,,
,,,Forest: Oak/Pine Group,,Developed: Medium Intensity,,,Urbanization: Medium,1.0000,,,,,,,,
,,,Forest: Oak/Pine Group,,Developed: Open Space,,,Urbanization: Open,1.0000,,,,,,,,
,,,Forest: Oak/Pine Group,,Forest: Oak/Pine Group,,,Fire: Low Severity,1.0000,,,,,No,,,
,,,Forest: Oak/Pine Group,,Forest: Oak/Pine Group,,,Fire: Medium Severity,1.0000,,,,,No,,,
,,,Forest: Oak/Pine Group,,Forest: Oak/Pine Group,,,Forest Harvest: Forest Clearcut,1.0000,,,,,,,,
,,,Forest: Oak/Pine Group,,Forest: Oak/Pine Group,,,Forest Harvest: Forest Selection,1.0000,,,,,No,,,
,,,Forest: Oak/Pine Group,,Forest: Oak/Pine Group,,,Forest Harvest: Forest Selection 20%,1.0000,,,,,No,,,
,,,Forest: Oak/Pine Group,,Forest: Oak/Pine Group,,,Forest Harvest: Forest Selection 85%,1.0000,,,,,,,,
,,,Forest: Oak/Pine Group,,Forest: Oak/Pine Group,,,Forest Harvest: Salvage Logging,1.0000,,,,,No,,5,
,,,Forest: Oak/Pine Group,,Forest: Oak/Pine Group,,,Insect: High Severity,1.0000,,,,,Yes,,,
,,,Forest: Oak/Pine Group,,Forest: Oak/Pine Group,,,Insect: Low Severity,1.0000,,,,,No,,,
,,,Forest: Oak/Pine Group,,Forest: Oak/Pine Group,,,Insect: Medium Severity,1.0000,,,,,No,,,
,,,Forest: Oak/Pine Group,,Shrubland: Post Fire Shrub,,,Fire: High Severity,1.0000,,,,,Yes,,,
,,,Forest: Other Western Hardwoods Group,,Agriculture: Cropland,,,Ag Expansion: Cropland,1.0000,,,,,,,,
,,,Forest: Other Western Hardwoods Group,,Agriculture: Pasture,,,Ag Expansion: Pasture,1.0000,,,,,,,,
,,,Forest: Other Western Hardwoods Group,,Developed: High Intensity,,,Urbanization: High,1.0000,,,,,,,,
,,,Forest: Other Western Hardwoods Group,,Developed: Low Intensity,,,Urbanization: Low,1.0000,,,,,,,,
,,,Forest: Other Western Hardwoods Group,,Developed: Medium Intensity,,,Urbanization: Medium,1.0000,,,,,,,,
,,,Forest: Other Western Hardwoods Group,,Developed: Open Space,,,Urbanization: Open,1.0000,,,,,,,,
,,,Forest: Other Western Hardwoods Group,,Forest: Other Western Hardwoods Group,,,Fire: Low Severity,1.0000,,,,,No,,,
,,,Forest: Other Western Hardwoods Group,,Forest: Other Western Hardwoods Group,,,Fire: Medium Severity,1.0000,,,,,No,,,
,,,Forest: Other Western Hardwoods Group,,Forest: Other Western Hardwoods Group,,,Forest Harvest: Forest Clearcut,1.0000,,,,,,,,
,,,Forest: Other Western Hardwoods Group,,Forest: Other Western Hardwoods Group,,,Forest Harvest: Forest Selection,1.0000,,,,,No,,,
,,,Forest: Other Western Hardwoods Group,,Forest: Other Western Hardwoods Group,,,Forest Harvest: Forest Selection 20%,1.0000,,,,,No,,,
,,,Forest: Other Western Hardwoods Group,,Forest: Other Western Hardwoods Group,,,Forest Harvest: Forest Selection 85%,1.0000,,,,,,,,
,,,Forest: Other Western Hardwoods Group,,Forest: Other Western Hardwoods Group,,,Forest Harvest: Salvage Logging,1.0000,,,,,No,,5,
,,,Forest: Other Western Hardwoods Group,,Forest: Other Western Hardwoods Group,,,Insect: High Severity,1.0000,,,,,Yes,,,
,,,Forest: Other Western Hardwoods Group,,Forest: Other Western Hardwoods Group,,,Insect: Low Severity,1.0000,,,,,No,,,
,,,Forest: Other Western Hardwoods Group,,Forest: Other Western Hardwoods Group,,,Insect: Medium Severity,1.0000,,,,,No,,,
,,,Forest: Other Western Hardwoods Group,,Shrubland: Post Fire Shrub,,,Fire: High Severity,1.0000,,,,,Yes,,,
,,,Forest: Other Western Softwood Group,,Agriculture: Cropland,,,Ag Expansion: Cropland,1.0000,,,,,,,,
,,,Forest: Other Western Softwood Group,,Agriculture: Pasture,,,Ag Expansion: Pasture,1.0000,,,,,,,,
,,,Forest: Other Western Softwood Group,,Developed: High Intensity,,,Urbanization: High,1.0000,,,,,,,,
,,,Forest: Other Western Softwood Group,,Developed: Low Intensity,,,Urbanization: Low,1.0000,,,,,,,,
,,,Forest: Other Western Softwood Group,,Developed: Medium Intensity,,,Urbanization: Medium,1.0000,,,,,,,,
,,,Forest: Other Western Softwood Group,,Developed: Open Space,,,Urbanization: Open,1.0000,,,,,,,,
,,,Forest: Other Western Softwood Group,,Forest: Other Western Softwood Group,,,Fire: Low Severity,1.0000,,,,,No,,,
,,,Forest: Other Western Softwood Group,,Forest: Other Western Softwood Group,,,Fire: Medium Severity,1.0000,,,,,No,,,
,,,Forest: Other Western Softwood Group,,Forest: Other Western Softwood Group,,,Forest Harvest: Forest Clearcut,1.0000,,,,,,,,
,,,Forest: Other Western Softwood Group,,Forest: Other Western Softwood Group,,,Forest Harvest: Forest Selection,1.0000,,,,,No,,,
,,,Forest: Other Western Softwood Group,,Forest: Other Western Softwood Group,,,Forest Harvest: Forest Selection 20%,1.0000,,,,,No,,,
,,,Forest: Other Western Softwood Group,,Forest: Other Western Softwood Group,,,Forest Harvest: Forest Selection 85%,1.0000,,,,,,,,
,,,Forest: Other Western Softwood Group,,Forest: Other Western Softwood Group,,,Forest Harvest: Salvage Logging,1.0000,,,,,No,,5,
,,,Forest: Other Western Softwood Group,,Forest: Other Western Softwood Group,,,Insect: High Severity,1.0000,,,,,Yes,,,
,,,Forest: Other Western Softwood Group,,Forest: Other Western Softwood Group,,,Insect: Low Severity,1.0000,,,,,No,,,
,,,Forest: Other Western Softwood Group,,Forest: Other Western Softwood Group,,,Insect: Medium Severity,1.0000,,,,,No,,,
,,,Forest: Other Western Softwood Group,,Shrubland: Post Fire Shrub,,,Fire: High Severity,1.0000,,,,,Yes,,,
,,,Forest: Pinyon/Juniper Group,,Agriculture: Cropland,,,Ag Expansion: Cropland,1.0000,,,,,,,,
,,,Forest: Pinyon/Juniper Group,,Agriculture: Pasture,,,Ag Expansion: Pasture,1.0000,,,,,,,,
,,,Forest: Pinyon/Juniper Group,,Developed: High Intensity,,,Urbanization: High,1.0000,,,,,,,,
,,,Forest: Pinyon/Juniper Group,,Developed: Low Intensity,,,Urbanization: Low,1.0000,,,,,,,,
,,,Forest: Pinyon/Juniper Group,,Developed: Medium Intensity,,,Urbanization: Medium,1.0000,,,,,,,,
,,,Forest: Pinyon/Juniper Group,,Developed: Open Space,,,Urbanization: Open,1.0000,,,,,,,,
,,,Forest: Pinyon/Juniper Group,,Forest: Pinyon/Juniper Group,,,Fire: Low Severity,1.0000,,,,,No,,,
,,,Forest: Pinyon/Juniper Group,,Forest: Pinyon/Juniper Group,,,Fire: Medium Severity,1.0000,,,,,No,,,
,,,Forest: Pinyon/Juniper Group,,Forest: Pinyon/Juniper Group,,,Forest Harvest: Forest Clearcut,1.0000,,,,,,,,
,,,Forest: Pinyon/Juniper Group,,Forest: Pinyon/Juniper Group,,,Forest Harvest: Forest Selection,1.0000,,,,,No,,,
,,,Forest: Pinyon/Juniper Group,,Forest: Pinyon/Juniper Group,,,Forest Harvest: Forest Selection 20%,1.0000,,,,,No,,,
,,,Forest: Pinyon/Juniper Group,,Forest: Pinyon/Juniper Group,,,Forest Harvest: Forest Selection 85%,1.0000,,,,,,,,
,,,Forest: Pinyon/Juniper Group,,Forest: Pinyon/Juniper Group,,,Forest Harvest: Salvage Logging,1.0000,,,,,No,,5,
,,,Forest: Pinyon/Juniper Group,,Forest: Pinyon/Juniper Group,,,Insect: High Severity,1.0000,,,,,Yes,,,
,,,Forest: Pinyon/Juniper Group,,Forest: Pinyon/Juniper Group,,,Insect: Low Severity,1.0000,,,,,No,,,
,,,Forest: Pinyon/Juniper Group,,Forest: Pinyon/Juniper Group,,,Insect: Medium Severity,1.0000,,,,,No,,,
,,,Forest: Pinyon/Juniper Group,,Shrubland: Post Fire Shrub,,,Fire: High Severity,1.0000,,,,,Yes,,,
,,,Forest: Ponderosa Pine Group,,Agriculture: Cropland,,,Ag Expansion: Cropland,1.0000,,,,,,,,
,,,Forest: Ponderosa Pine Group,,Agriculture: Pasture,,,Ag Expansion: Pasture,1.0000,,,,,,,,
,,,Forest: Ponderosa Pine Group,,Developed: High Intensity,,,Urbanization: High,1.0000,,,,,,,,
,,,Forest: Ponderosa Pine Group,,Developed: Low Intensity,,,Urbanization: Low,1.0000,,,,,,,,
,,,Forest: Ponderosa Pine Group,,Developed: Medium Intensity,,,Urbanization: Medium,1.0000,,,,,,,,
,,,Forest: Ponderosa Pine Group,,Developed: Open Space,,,Urbanization: Open,1.0000,,,,,,,,
,,,Forest: Ponderosa Pine Group,,Forest: Ponderosa Pine Group,,,Fire: Low Severity,1.0000,,,,,No,,,
,,,Forest: Ponderosa Pine Group,,Forest: Ponderosa Pine Group,,,Fire: Medium Severity,1.0000,,,,,No,,,
,,,Forest: Ponderosa Pine Group,,Forest: Ponderosa Pine Group,,,Forest Harvest: Forest Clearcut,1.0000,,,,,,,,
,,,Forest: Ponderosa Pine Group,,Forest: Ponderosa Pine Group,,,Forest Harvest: Forest Selection,1.0000,,,,,No,,,
,,,Forest: Ponderosa Pine Group,,Forest: Ponderosa Pine Group,,,Forest Harvest: Forest Selection 20%,1.0000,,,,,No,,,
,,,Forest: Ponderosa Pine Group,,Forest: Ponderosa Pine Group,,,Forest Harvest: Forest Selection 85%,1.0000,,,,,,,,
,,,Forest: Ponderosa Pine Group,,Forest: Ponderosa Pine Group,,,Forest Harvest: Salvage Logging,1.0000,,,,,No,,5,
,,,Forest: Ponderosa Pine Group,,Forest: Ponderosa Pine Group,,,Insect: High Severity,1.0000,,,,,Yes,,,
,,,Forest: Ponderosa Pine Group,,Forest: Ponderosa Pine Group,,,Insect: Low Severity,1.0000,,,,,No,,,
,,,Forest: Ponderosa Pine Group,,Forest: Ponderosa Pine Group,,,Insect: Medium Severity,1.0000,,,,,No,,,
,,,Forest: Ponderosa Pine Group,,Shrubland: Post Fire Shrub,,,Fire: High Severity,1.0000,,,,,Yes,,,
,,,Forest: Redwood Group,,Agriculture: Cropland,,,Ag Expansion: Cropland,1.0000,,,,,,,,
,,,Forest: Redwood Group,,Agriculture: Pasture,,,Ag Expansion: Pasture,1.0000,,,,,,,,
,,,Forest: Redwood Group,,Developed: High Intensity,,,Urbanization: High,1.0000,,,,,,,,
,,,Forest: Redwood Group,,Developed: Low Intensity,,,Urbanization: Low,1.0000,,,,,,,,
,,,Forest: Redwood Group,,Developed: Medium Intensity,,,Urbanization: Medium,1.0000,,,,,,,,
,,,Forest: Redwood Group,,Developed: Open Space,,,Urbanization: Open,1.0000,,,,,,,,
,,,Forest: Redwood Group,,Forest: Redwood Group,,,Fire: Low Severity,1.0000,,,,,No,,,
,,,Forest: Redwood Group,,Forest: Redwood Group,,,Fire: Medium Severity,1.0000,,,,,No,,,
,,,Forest: Redwood Group,,Forest: Redwood Group,,,Forest Harvest: Forest Clearcut,1.0000,,,,,,,,
,,,Forest: Redwood Group,,Forest: Redwood Group,,,Forest Harvest: Forest Selection,1.0000,,,,,No,,,
,,,Forest: Redwood Group,,Forest: Redwood Group,,,Forest Harvest: Forest Selection 20%,1.0000,,,,,No,,,
,,,Forest: Redwood Group,,Forest: Redwood Group,,,Forest Harvest: Forest Selection 85%,1.0000,,,,,,,,
,,,Forest: Redwood Group,,Forest: Redwood Group,,,Forest Harvest: Salvage Logging,1.0000,,,,,No,,5,
,,,Forest: Redwood Group,,Forest: Redwood Group,,,Insect: High Severity,1.0000,,,,,Yes,,,
,,,Forest: Redwood Group,,Forest: Redwood Group,,,Insect: Low Severity,1.0000,,,,,No,,,
,,,Forest: Redwood Group,,Forest: Redwood Group,,,Insect: Medium Severity,1.0000,,,,,No,,,
,,,Forest: Redwood Group,,Shrubland: Post Fire Shrub,,,Fire: High Severity,1.0000,,,,,Yes,,,
,,,Forest: Spruce/Fir Group,,Agriculture: Cropland,,,Ag Expansion: Cropland,1.0000,,,,,,,,
,,,Forest: Spruce/Fir Group,,Agriculture: Pasture,,,Ag Expansion: Pasture,1.0000,,,,,,,,
,,,Forest: Spruce/Fir Group,,Developed: High Intensity,,,Urbanization: High,1.0000,,,,,,,,
,,,Forest: Spruce/Fir Group,,Developed: Low Intensity,,,Urbanization: Low,1.0000,,,,,,,,
,,,Forest: Spruce/Fir Group,,Developed: Medium Intensity,,,Urbanization: Medium,1.0000,,,,,,,,
,,,Forest: Spruce/Fir Group,,Developed: Open Space,,,Urbanization: Open,1.0000,,,,,,,,
,,,Forest: Spruce/Fir Group,,Forest: Spruce/Fir Group,,,Fire: Low Severity,1.0000,,,,,No,,,
,,,Forest: Spruce/Fir Group,,Forest: Spruce/Fir Group,,,Fire: Medium Severity,1.0000,,,,,No,,,
,,,Forest: Spruce/Fir Group,,Forest: Spruce/Fir Group,,,Forest Harvest: Forest Clearcut,1.0000,,,,,,,,
,,,Forest: Spruce/Fir Group,,Forest: Spruce/Fir Group,,,Forest Harvest: Forest Selection,1.0000,,,,,No,,,
,,,Forest: Spruce/Fir Group,,Forest: Spruce/Fir Group,,,Forest Harvest: Forest Selection 20%,1.0000,,,,,No,,,
,,,Forest: Spruce/Fir Group,,Forest: Spruce/Fir Group,,,Forest Harvest: Forest Selection 85%,1.0000,,,,,,,,
,,,Forest: Spruce/Fir Group,,Forest: Spruce/Fir Group,,,Forest Harvest: Salvage Logging,1.0000,,,,,No,,5,
,,,Forest: Spruce/Fir Group,,Forest: Spruce/Fir Group,,,Insect: High Severity,1.0000,,,,,Yes,,,
,,,Forest: Spruce/Fir Group,,Forest: Spruce/Fir Group,,,Insect: Low Severity,1.0000,,,,,No,,,
,,,Forest: Spruce/Fir Group,,Forest: Spruce/Fir Group,,,Insect: Medium Severity,1.0000,,,,,No,,,
,,,Forest: Spruce/Fir Group,,Shrubland: Post Fire Shrub,,,Fire: High Severity,1.0000,,,,,Yes,,,
,,,Forest: Tanoak/Laurel Group,,Agriculture: Cropland,,,Ag Expansion: Cropland,1.0000,,,,,,,,
,,,Forest: Tanoak/Laurel Group,,Agriculture: Pasture,,,Ag Expansion: Pasture,1.0000,,,,,,,,
,,,Forest: Tanoak/Laurel Group,,Developed: High Intensity,,,Urbanization: High,1.0000,,,,,,,,
,,,Forest: Tanoak/Laurel Group,,Developed: Low Intensity,,,Urbanization: Low,1.0000,,,,,,,,
,,,Forest: Tanoak/Laurel Group,,Developed: Medium Intensity,,,Urbanization: Medium,1.0000,,,,,,,,
,,,Forest: Tanoak/Laurel Group,,Developed: Open Space,,,Urbanization: Open,1.0000,,,,,,,,
,,,Forest: Tanoak/Laurel Group,,Forest: Tanoak/Laurel Group,,,Fire: Low Severity,1.0000,,,,,No,,,
,,,Forest: Tanoak/Laurel Group,,Forest: Tanoak/Laurel Group,,,Fire: Medium Severity,1.0000,,,,,No,,,
,,,Forest: Tanoak/Laurel Group,,Forest: Tanoak/Laurel Group,,,Forest Harvest: Forest Clearcut,1.0000,,,,,,,,
,,,Forest: Tanoak/Laurel Group,,Forest: Tanoak/Laurel Group,,,Forest Harvest: Forest Selection,1.0000,,,,,No,,,
,,,Forest: Tanoak/Laurel Group,,Forest: Tanoak/Laurel Group,,,Forest Harvest: Forest Selection 20%,1.0000,,,,,No,,,
,,,Forest: Tanoak/Laurel Group,,Forest: Tanoak/Laurel Group,,,Forest Harvest: Forest Selection 85%,1.0000,,,,,,,,
,,,Forest: Tanoak/Laurel Group,,Forest: Tanoak/Laurel Group,,,Forest Harvest: Salvage Logging,1.0000,,,,,No,,5,
,,,Forest: Tanoak/Laurel Group,,Forest: Tanoak/Laurel Group,,,Insect: High Severity,1.0000,,,,,Yes,,,
,,,Forest: Tanoak/Laurel Group,,Forest: Tanoak/Laurel Group,,,Insect: Low Severity,1.0000,,,,,No,,,
,,,Forest: Tanoak/Laurel Group,,Forest: Tanoak/Laurel Group,,,Insect: Medium Severity,1.0000,,,,,No,,,
,,,Forest: Tanoak/Laurel Group,,Shrubland: Post Fire Shrub,,,Fire: High Severity,1.0000,,,,,Yes,,,
,,,Forest: Tropical Hardwoods Group,,Agriculture: Cropland,,,Ag Expansion: Cropland,1.0000,,,,,,,,
,,,Forest: Tropical Hardwoods Group,,Agriculture: Pasture,,,Ag Expansion: Pasture,1.0000,,,,,,,,
,,,Forest: Tropical Hardwoods Group,,Developed: High Intensity,,,Urbanization: High,1.0000,,,,,,,,
,,,Forest: Tropical Hardwoods Group,,Developed: Low Intensity,,,Urbanization: Low,1.0000,,,,,,,,
,,,Forest: Tropical Hardwoods Group,,Developed: Medium Intensity,,,Urbanization: Medium,1.0000,,,,,,,,
,,,Forest: Tropical Hardwoods Group,,Developed: Open Space,,,Urbanization: Open,1.0000,,,,,,,,
,,,Forest: Tropical Hardwoods Group,,Forest: Tropical Hardwoods Group,,,Fire: Low Severity,1.0000,,,,,No,,,
,,,Forest: Tropical Hardwoods Group,,Forest: Tropical Hardwoods Group,,,Fire: Medium Severity,1.0000,,,,,No,,,
,,,Forest: Tropical Hardwoods Group,,Forest: Tropical Hardwoods Group,,,Forest Harvest: Forest Clearcut,1.0000,,,,,,,,
,,,Forest: Tropical Hardwoods Group,,Forest: Tropical Hardwoods Group,,,Forest Harvest: Forest Selection,1.0000,,,,,No,,,
,,,Forest: Tropical Hardwoods Group,,Forest: Tropical Hardwoods Group,,,Forest Harvest: Forest Selection 20%,1.0000,,,,,No,,,
,,,Forest: Tropical Hardwoods Group,,Forest: Tropical Hardwoods Group,,,Forest Harvest: Forest Selection 85%,1.0000,,,,,,,,
,,,Forest: Tropical Hardwoods Group,,Forest: Tropical Hardwoods Group,,,Forest Harvest: Salvage Logging,1.0000,,,,,No,,5,
,,,Forest: Tropical Hardwoods Group,,Forest: Tropical Hardwoods Group,,,Insect: High Severity,1.0000,,,,,Yes,,,
,,,Forest: Tropical Hardwoods Group,,Forest: Tropical Hardwoods Group,,,Insect: Low Severity,1.0000,,,,,No,,,
,,,Forest: Tropical Hardwoods Group,,Forest: Tropical Hardwoods Group,,,Insect: Medium Severity,1.0000,,,,,No,,,
,,,Forest: Tropical Hardwoods Group,,Shrubland: Post Fire Shrub,,,Fire: High Severity,1.0000,,,,,Yes,,,
,,,Forest: Western Larch Group,,Agriculture: Cropland,,,Ag Expansion: Cropland,1.0000,,,,,,,,
,,,Forest: Western Larch Group,,Agriculture: Pasture,,,Ag Expansion: Pasture,1.0000,,,,,,,,
,,,Forest: Western Larch Group,,Developed: High Intensity,,,Urbanization: High,1.0000,,,,,,,,
,,,Forest: Western Larch Group,,Developed: Low Intensity,,,Urbanization: Low,1.0000,,,,,,,,
,,,Forest: Western Larch Group,,Developed: Medium Intensity,,,Urbanization: Medium,1.0000,,,,,,,,
,,,Forest: Western Larch Group,,Developed: Open Space,,,Urbanization: Open,1.0000,,,,,,,,
,,,Forest: Western Larch Group,,Forest: Western Larch Group,,,Fire: Low Severity,1.0000,,,,,No,,,
,,,Forest: Western Larch Group,,Forest: Western Larch Group,,,Fire: Medium Severity,1.0000,,,,,No,,,
,,,Forest: Western Larch Group,,Forest: Western Larch Group,,,Forest Harvest: Forest Clearcut,1.0000,,,,,,,,
,,,Forest: Western Larch Group,,Forest: Western Larch Group,,,Forest Harvest: Forest Selection,1.0000,,,,,No,,,
,,,Forest: Western Larch Group,,Forest: Western Larch Group,,,Forest Harvest: Forest Selection 20%,1.0000,,,,,No,,,
,,,Forest: Western Larch Group,,Forest: Western Larch Group,,,Forest Harvest: Forest Selection 85%,1.0000,,,,,,,,
,,,Forest: Western Larch Group,,Forest: Western Larch Group,,,Forest Harvest: Salvage Logging,1.0000,,,,,No,,5,
,,,Forest: Western Larch Group,,Forest: Western Larch Group,,,Insect: High Severity,1.0000,,,,,Yes,,,
,,,Forest: Western Larch Group,,Forest: Western Larch Group,,,Insect: Low Severity,1.0000,,,,,No,,,
,,,Forest: Western Larch Group,,Forest: Western Larch Group,,,Insect: Medium Severity,1.0000,,,,,No,,,
,,,Forest: Western Larch Group,,Shrubland: Post Fire Shrub,,,Fire: High Severity,1.0000,,,,,Yes,,,
,,,Forest: Western Oak Group,,Agriculture: Cropland,,,Ag Expansion: Cropland,1.0000,,,,,,,,
,,,Forest: Western Oak Group,,Agriculture: Pasture,,,Ag Expansion: Pasture,1.0000,,,,,,,,
,,,Forest: Western Oak Group,,Developed: High Intensity,,,Urbanization: High,1.0000,,,,,,,,
,,,Forest: Western Oak Group,,Developed: Low Intensity,,,Urbanization: Low,1.0000,,,,,,,,
,,,Forest: Western Oak Group,,Developed: Medium Intensity,,,Urbanization: Medium,1.0000,,,,,,,,
,,,Forest: Western Oak Group,,Developed: Open Space,,,Urbanization: Open,1.0000,,,,,,,,
,,,Forest: Western Oak Group,,Forest: Western Oak Group,,,Fire: Low Severity,1.0000,,,,,No,,,
,,,Forest: Western Oak Group,,Forest: Western Oak Group,,,Fire: Medium Severity,1.0000,,,,,No,,,
,,,Forest: Western Oak Group,,Forest: Western Oak Group,,,Forest Harvest: Forest Clearcut,1.0000,,,,,,,,
,,,Forest: Western Oak Group,,Forest: Western Oak Group,,,Forest Harvest: Forest Selection,1.0000,,,,,No,,,
,,,Forest: Western Oak Group,,Forest: Western Oak Group,,,Forest Harvest: Forest Selection 20%,1.0000,,,,,No,,,
,,,Forest: Western Oak Group,,Forest: Western Oak Group,,,Forest Harvest: Forest Selection 85%,1.0000,,,,,,,,
,,,Forest: Western Oak Group,,Forest: Western Oak Group,,,Forest Harvest: Salvage Logging,1.0000,,,,,No,,5,
,,,Forest: Western Oak Group,,Forest: Western Oak Group,,,Insect: High Severity,1.0000,,,,,Yes,,,
,,,Forest: Western Oak Group,,Forest: Western Oak Group,,,Insect: Low Severity,1.0000,,,,,No,,,
,,,Forest: Western Oak Group,,Forest: Western Oak Group,,,Insect: Medium Severity,1.0000,,,,,No,,,
,,,Forest: Western Oak Group,,Shrubland: Post Fire Shrub,,,Fire: High Severity,1.0000,,,,,Yes,,,
,,,Forest: Western White Pine Group,,Agriculture: Cropland,,,Ag Expansion: Cropland,1.0000,,,,,,,,
,,,Forest: Western White Pine Group,,Agriculture: Pasture,,,Ag Expansion: Pasture,1.0000,,,,,,,,
,,,Forest: Western White Pine Group,,Developed: High Intensity,,,Urbanization: High,1.0000,,,,,,,,
,,,Forest: Western White Pine Group,,Developed: Low Intensity,,,Urbanization: Low,1.0000,,,,,,,,
,,,Forest: Western White Pine Group,,Developed: Medium Intensity,,,Urbanization: Medium,1.0000,,,,,,,,
,,,Forest: Western White Pine Group,,Developed: Open Space,,,Urbanization: Open,1.0000,,,,,,,,
,,,Forest: Western White Pine Group,,Forest: Western White Pine Group,,,Fire: Low Severity,1.0000,,,,,No,,,
,,,Forest: Western White Pine Group,,Forest: Western White Pine Group,,,Fire: Medium Severity,1.0000,,,,,No,,,
,,,Forest: Western White Pine Group,,Forest: Western White Pine Group,,,Forest Harvest: Forest Clearcut,1.0000,,,,,,,,
,,,Forest: Western White Pine Group,,Forest: Western White Pine Group,,,Forest Harvest: Forest Selection,1.0000,,,,,No,,,
,,,Forest: Western White Pine Group,,Forest: Western White Pine Group,,,Forest Harvest: Forest Selection 20%,1.0000,,,,,No,,,
,,,Forest: Western White Pine Group,,Forest: Western White Pine Group,,,Forest Harvest: Forest Selection 85%,1.0000,,,,,,,,
,,,Forest: Western White Pine Group,,Forest: Western White Pine Group,,,Forest Harvest: Salvage Logging,1.0000,,,,,No,,5,
,,,Forest: Western White Pine Group,,Forest: Western White Pine Group,,,Insect: High Severity,1.0000,,,,,Yes,,,
,,,Forest: Western White Pine Group,,Forest: Western White Pine Group,,,Insect: Low Severity,1.0000,,,,,No,,,
,,,Forest: Western White Pine Group,,Forest: Western White Pine Group,,,Insect: Medium Severity,1.0000,,,,,No,,,
,,,Forest: Western White Pine Group,,Shrubland: Post Fire Shrub,,,Fire: High Severity,1.0000,,,,,Yes,,,
,,,Forest: White/Red/Jack Pine Group,,Agriculture: Cropland,,,Ag Expansion: Cropland,1.0000,,,,,,,,
,,,Forest: White/Red/Jack Pine Group,,Agriculture: Pasture,,,Ag Expansion: Pasture,1.0000,,,,,,,,
,,,Forest: White/Red/Jack Pine Group,,Developed: High Intensity,,,Urbanization: High,1.0000,,,,,,,,
,,,Forest: White/Red/Jack Pine Group,,Developed: Low Intensity,,,Urbanization: Low,1.0000,,,,,,,,
,,,Forest: White/Red/Jack Pine Group,,Developed: Medium Intensity,,,Urbanization: Medium,1.0000,,,,,,,,
,,,Forest: White/Red/Jack Pine Group,,Developed: Open Space,,,Urbanization: Open,1.0000,,,,,,,,
,,,Forest: White/Red/Jack Pine Group,,Forest: White/Red/Jack Pine Group,,,Fire: Low Severity,1.0000,,,,,No,,,
,,,Forest: White/Red/Jack Pine Group,,Forest: White/Red/Jack Pine Group,,,Fire: Medium Severity,1.0000,,,,,No,,,
,,,Forest: White/Red/Jack Pine Group,,Forest: White/Red/Jack Pine Group,,,Forest Harvest: Forest Clearcut,1.0000,,,,,,,,
,,,Forest: White/Red/Jack Pine Group,,Forest: White/Red/Jack Pine Group,,,Forest Harvest: Forest Selection,1.0000,,,,,No,,,
,,,Forest: White/Red/Jack Pine Group,,Forest: White/Red/Jack Pine Group,,,Forest Harvest: Forest Selection 20%,1.0000,,,,,No,,,
,,,Forest: White/Red/Jack Pine Group,,Forest: White/Red/Jack Pine Group,,,Forest Harvest: Forest Selection 85%,1.0000,,,,,,,,
,,,Forest: White/Red/Jack Pine Group,,Forest: White/Red/Jack Pine Group,,,Forest Harvest: Salvage Logging,1.0000,,,,,No,,5,
,,,Forest: White/Red/Jack Pine Group,,Forest: White/Red/Jack Pine Group,,,Insect: High Severity,1.0000,,,,,Yes,,,
,,,Forest: White/Red/Jack Pine Group,,Forest: White/Red/Jack Pine Group,,,Insect: Low Severity,1.0000,,,,,No,,,
,,,Forest: White/Red/Jack Pine Group,,Forest: White/Red/Jack Pine Group,,,Insect: Medium Severity,1.0000,,,,,No,,,
,,,Forest: White/Red/Jack Pine Group,,Shrubland: Post Fire Shrub,,,Fire: High Severity,1.0000,,,,,Yes,,,
,,,Grassland: All,,Agriculture: Cropland,,,Ag Expansion: Cropland,1.0000,,,,,,,,
,,,Grassland: All,,Agriculture: Pasture,,,Ag Expansion: Pasture,1.0000,,,,,,,,
,,,Grassland: All,,Developed: High Intensity,,,Urbanization: High,1.0000,,,,,,,,
,,,Grassland: All,,Developed: Low Intensity,,,Urbanization: Low,1.0000,,,,,,,,
,,,Grassland: All,,Developed: Medium Intensity,,,Urbanization: Medium,1.0000,,,,,,,,
,,,Grassland: All,,Developed: Open Space,,,Urbanization: Open,1.0000,,,,,,,,
,,,Grassland: All,,Grassland: All,,,Fire: High Severity,1.0000,,,,,Yes,,,
,,,Grassland: All,,Grassland: All,,,Fire: Low Severity,1.0000,,,,,No,,,
,,,Grassland: All,,Grassland: All,,,Fire: Medium Severity,1.0000,,,,,No,,,
,,,Shrubland: All,,Agriculture: Cropland,,,Ag Expansion: Cropland,1.0000,,,,,,,,
,,,Shrubland: All,,Agriculture: Pasture,,,Ag Expansion: Pasture,1.0000,,,,,,,,
,,,Shrubland: All,,Developed: High Intensity,,,Urbanization: High,1.0000,,,,,,,,
,,,Shrubland: All,,Developed: Low Intensity,,,Urbanization: Low,1.0000,,,,,,,,
,,,Shrubland: All,,Developed: Medium Intensity,,,Urbanization: Medium,1.0000,,,,,,,,
,,,Shrubland: All,,Developed: Open Space,,,Urbanization: Open,1.0000,,,,,,,,
,,,Shrubland: All,,Shrubland: All,,,Fire: High Severity,1.0000,,,,,Yes,,,
,,,Shrubland: All,,Shrubland: All,,,Fire: Low Severity,1.0000,,,,,No,,,
,,,Shrubland: All,,Shrubland: All,,,Fire: Medium Severity,1.0000,,,,,No,,,
,,,Shrubland: Post Fire Shrub,,Forest: Alder/Maple Group,,,Succession Post Fire: Alder/Maple Group,1.0000,,,20,,,,,
,,,Shrubland: Post Fire Shrub,,Forest: Aspen/Birch Group,,,Succession Post Fire: Aspen/Birch Group,1.0000,,,20,,,,,
,,,Shrubland: Post Fire Shrub,,Forest: California Mixed Conifer Group,,,Succession Post Fire: California Mixed Conifer Group,1.0000,,,20,,,,,
,,,Shrubland: Post Fire Shrub,,Forest: Douglas-fir Coastal Group,,,Succession Post Fire: Douglas-fir Coastal Group,1.0000,,,20,,,,,
,,,Shrubland: Post Fire Shrub,,Forest: Douglas-fir Inland Group,,,Succession Post Fire: Douglas-fir Inland Group,1.0000,,,20,,,,,
,,,Shrubland: Post Fire Shrub,,Forest: Elm/Ash/Cottonwood Group,,,Succession Post Fire: Elm/Ash/Cottonwood Group,1.0000,,,20,,,,,
,,,Shrubland: Post Fire Shrub,,Forest: Exotic Hardwoods Group,,,Succession Post Fire: Exotic Hardwoods Group,1.0000,,,20,,,,,
,,,Shrubland: Post Fire Shrub,,Forest: Exotic Softwoods Group,,,Succession Post Fire: Exotic Softwoods Group,1.0000,,,20,,,,,
,,,Shrubland: Post Fire Shrub,,Forest: Fir/Spruce/Mountain Hemlock Group,,,Succession Post Fire: Fir/Spruce/Mountain Hemlock Group,1.0000,,,20,,,,,
,,,Shrubland: Post Fire Shrub,,Forest: Hemlock/Sitka Spruce Group,,,Succession Post Fire: Hemlock/Sitka Spruce Group,1.0000,,,20,,,,,
,,,Shrubland: Post Fire Shrub,,Forest: Loblolly/Shortleaf Pine Group,,,Succession Post Fire: Loblolly/Shortleaf Pine Group,1.0000,,,20,,,,,
,,,Shrubland: Post Fire Shrub,,Forest: Lodgepole Pine Group,,,Succession Post Fire: Lodgepole Pine Group,1.0000,,,20,,,,,
,,,Shrubland: Post Fire Shrub,,Forest: Longleaf/Slash Pine Group,,,Succession Post Fire: Longleaf/Slash Pine Group,1.0000,,,20,,,,,
,,,Shrubland: Post Fire Shrub,,Forest: Maple/Beech/Birch Group,,,Succession Post Fire: Maple/Beech/Birch Group,1.0000,,,20,,,,,
,,,Shrubland: Post Fire Shrub,,Forest: Oak/Gum/Cypress Group,,,Succession Post Fire: Oak/Gum/Cypress Group,1.0000,,,20,,,,,
,,,Shrubland: Post Fire Shrub,,Forest: Oak/Hickory Group,,,Succession Post Fire: Oak/Hickory Group,1.0000,,,20,,,,,
,,,Shrubland: Post Fire Shrub,,Forest: Oak/Pine Group,,,Succession Post Fire: Oak/Pine Group,1.0000,,,20,,,,,
,,,Shrubland: Post Fire Shrub,,Forest: Other Western Hardwoods Group,,,Succession Post Fire: Other Western Hardwoods Group,1.0000,,,20,,,,,
,,,Shrubland: Post Fire Shrub,,Forest: Other Western Softwood Group,,,Succession Post Fire: Other Western Softwood Group,1.0000,,,20,,,,,
,,,Shrubland: Post Fire Shrub,,Forest: Pinyon/Juniper Group,,,Succession Post Fire: Pinyon/Juniper Group,1.0000,,,20,,,,,
,,,Shrubland: Post Fire Shrub,,Forest: Ponderosa Pine Group,,,Succession Post Fire: Ponderosa Pine Group,1.0000,,,20,,,,,
,,,Shrubland: Post Fire Shrub,,Forest: Redwood Group,,,Succession Post Fire: Redwood Group,1.0000,,,20,,,,,
,,,Shrubland: Post Fire Shrub,,Forest: Spruce/Fir Group,,,Succession Post Fire: Spruce/Fir Group,1.0000,,,20,,,,,
,,,Shrubland: Post Fire Shrub,,Forest: Tanoak/Laurel Group,,,Succession Post Fire: Tanoak/Laurel Group,1.0000,,,20,,,,,
,,,Shrubland: Post Fire Shrub,,Forest: Tropical Hardwoods Group,,,Succession Post Fire: Tropical Hardwoods Group,1.0000,,,20,,,,,
,,,Shrubland: Post Fire Shrub,,Forest: Western Larch Group,,,Succession Post Fire: Western Larch Group,1.0000,,,20,,,,,
,,,Shrubland: Post Fire Shrub,,Forest: Western Oak Group,,,Succession Post Fire: Western Oak Group,1.0000,,,20,,,,,
,,,Shrubland: Post Fire Shrub,,Forest: Western White Pine Group,,,Succession Post Fire: Western White Pine Group,1.0000,,,20,,,,,
,,,Shrubland: Post Fire Shrub,,Forest: White/Red/Jack Pine Group,,,Succession Post Fire: White/Red/Jack Pine Group,1.0000,,,20,,,,,
,,,Wetland: Herbaceous,,Agriculture: Cropland,,,Ag Expansion: Cropland,1.0000,,,,,,,,
,,,Wetland: Herbaceous,,Agriculture: Pasture,,,Ag Expansion: Pasture,1.0000,,,,,,,,
,,,Wetland: Herbaceous,,Developed: High Intensity,,,Urbanization: High,1.0000,,,,,,,,
,,,Wetland: Herbaceous,,Developed: Low Intensity,,,Urbanization: Low,1.0000,,,,,,,,
,,,Wetland: Herbaceous,,Developed: Medium Intensity,,,Urbanization: Medium,1.0000,,,,,,,,
,,,Wetland: Herbaceous,,Developed: Open Space,,,Urbanization: Open,1.0000,,,,,,,,
,,,Wetland: Woody,,Agriculture: Cropland,,,Ag Expansion: Cropland,1.0000,,,,,,,,
,,,Wetland: Woody,,Agriculture: Pasture,,,Ag Expansion: Pasture,1.0000,,,,,,,,
,,,Wetland: Woody,,Developed: High Intensity,,,Urbanization: High,1.0000,,,,,,,,
,,,Wetland: Woody,,Developed: Low Intensity,,,Urbanization: Low,1.0000,,,,,,,,
,,,Wetland: Woody,,Developed: Medium Intensity,,,Urbanization: Medium,1.0000,,,,,,,,
,,,Wetland: Woody,,Developed: Open Space,,,Urbanization: Open,1.0000,,,,,,,,
